name,username,password,balance
Chika Musa,ltmzapl5,$bcOfnF5hSPk,"₦1,096,000"
Chioma Danladi,o6le6u1p,of!v$Eue5xcy,"₦1,096,000"
Tunde Danladi,m4tejas6,a8fPVcnlpH2y,"₦1,096,000"
Ifeoma Fashola,4vmk7qrv,ydDBWWJi01Sc,"₦1,096,000"
Amaka Bello,vg7c2kvz,QkTv@NC2B83h,"₦1,096,000"
Seyi Bello,y2tw8vse,yq37R17RYOE@,"₦1,096,000"
Kunle Adeyemi,8dxablbf,zBNGKvNgM8%@,"₦1,096,000"
Amaka Okeke,42r65tcs,QMSdWzujBZkk,"₦1,096,000"
Kelechi Onyeka,msvnv0k9,N$@!T!NVhdy7,"₦1,096,000"
Ifeoma Balogun,a8ckfc3l,fHHW5@%VVEp5,"₦1,096,000"
Seyi Okeke,lxkyqdlv,WQZaoacx8aRe,"₦1,096,000"
Amina Danladi,8qwpqe6g,wueCU0XT0RGs,"₦1,096,000"
Lola Ibrahim,uo4i4fej,0EZq5nORFnQz,"₦1,096,000"
Ngozi Umeh,a993x1re,8DI6YtDlXHBU,"₦1,096,000"
Amaka Musa,4bb70nue,0UW0OUK3@5YT,"₦1,096,000"
Yemi Nwosu,jnv9mhs6,Iv36EMGDO0de,"₦1,096,000"
Ifeoma Ojo,ojfri2ne,0U2I1B%bkGvC,"₦1,096,000"
Emeka Adeyemi,2e5jbgh8,Xcg6eP49a@I6,"₦1,096,000"
